Feature,Importance
Delivery_Status,2.4774290754230393
Shipping_Method,0.24146368902615112
Is_High_Value,0.08695481866224895
Delivery_DayOfWeek,0.04096489334854002
Quantity,0.026468123153197298
Delivery_Month,0.013044557391590998
Cost_Per_Unit,0.010075661943668553
Delivery_Quarter,0.004348185797197018
