Product,Avg_Demand,Std_Demand,Unit_Cost,EOQ,Safety_Stock,Reorder_Point
0,57.6,23.022694117857803,22.057,32.0,100.0,503.0
1,58.0,22.79097565767142,27.00875,29.0,99.0,505.0
2,40.3,22.010351100233624,27.374000000000002,24.0,96.0,378.0
3,52.75,28.313584918005187,32.751666666666665,25.0,123.0,492.0
4,44.1,18.687191097409773,30.799,24.0,81.0,390.0
